종목명,종목코드
PLUS 태양광&ESS,457990
KODEX 증권,102970
TIGER 지주회사,307520
KODEX 보험,140700
TIGER 200 금융,139270
KODEX 은행,091170
TIGER 200 에너지화학,139250
PLUS 우주항공&UAM,421320
TIGER 200 건설,139220
KODEX AI전력핵심설비,487240
ACE 라이프자산주주가치액티브,494330
KODEX 반도체,091160
KODEX K-로봇액티브,445290
SOL 반도체후공정,475310
ACE 주주환원가치주액티브,447430
KODEX 운송,140710
HANARO Fn K-푸드,438900
KODEX 200,069500
PLUS K방산,449450
SOL 자동차소부장Fn,464600
TIGER 200 철강소재,139240
ACE 원자력테마딥서치,433500
TIGER 인터넷TOP10,365000
TIGER 미디어컨텐츠,228810
SOL 조선TOP3플러스,466920
SOL 2차전지소부장Fn,455860
TIGER 방송통신,098560
TIGER 화장품,228790
SOL 반도체전공정,475300
HANARO K-뷰티,479850
SOL 화장품TOP3플러스,0008T0
ACE KPOP포커스,475050
KODEX 코스닥150,229200
TIGER 게임TOP10,364990
KIWOOM 의료AI,483020
마이티 바이오시밀러&CDMO액티브,0001P0
TIGER 여행레저,228800
TIGER 200 헬스케어,227540
TIGER 소프트웨어,157490
SOL 의료기기소부장Fn,464610
KIWOOM Fn유전자혁신기술,460280
TIMEFOLIO K바이오액티브,463050
TIGER 코스닥150바이오테크,261070