종목명,
이수페타시스,
레이크머티리얼즈,
원텍,
비올,
피에스케이홀딩스,
감성코퍼레이션,
칩스앤미디어,
한미반도체,
JYP Ent.,
제룡전기,
흥아해운,
HPSP,
클래시스,
루트로닉,
ISC,
케이엔제이,
케어젠,
매커스,
NI스틸,
영원무역,
지앤비에스 에코,
파크시스템스,
세아제강지주,
덴티움,
피엔티,
제룡산업,
두산테스나,
OCI홀딩스,
제이티,
영원무역홀딩스,
비즈니스온,
해성디에스,
휴스틸,
지니언스,
소프트센,
파이오링크,
대덕전자,
제이시스메디칼,
피엔에이치테크,
인터엠,
동진쎄미켐,
퓨런티어,
오션브릿지,
DB하이텍,
티앤엘,
넥스틴,
월덱스,
한솔아이원스,
대명에너지,
제이스텍,
바텍,
비엠티,
주성엔지니어링,
GST,
하나머티리얼즈,
솔브레인,
케이아이엔엑스,
대한항공,
에코프로에이치엔,
와이엠텍,
유에스티,
인바디,
HB테크놀러지,
한진칼,
가비아,
리노공업,
피에스케이,
한솔케미칼,
현대이지웰,
AP시스템,
한국기업평가,
이녹스첨단소재,
바이오플러스,
심텍,
미원상사,
티씨케이,
네이블,
진양제약,
유비쿼스,
코엔텍,
정상제이엘에스,
팸텍,
제이엠티,
보광산업,
HMM,
코나아이,
아이디피,
KCI,
엠게임,
이크레더블,
GS,
인크로스,
대보마그네틱,
엠아이텍,
제노레이,
아프리카TV,
로체시스템즈,
F&F,
나이스디앤비,
에코마케팅,
골프존,
삼양옵틱스,
DSC인베스트먼트,
더네이쳐홀딩스,
코웨이,
파인테크닉스,
에이비엘바이오,
원티드랩,
공구우먼,
에스제이그룹,
메가스터디교육,
위메이드맥스,
에치에프알
